"","tesla","sp500"
"2023-01-04",0.0499788410853413,0.00751069456213892
"2023-01-05",-0.0294690769600993,-0.0117138691364572
"2023-01-06",0.0243521549982794,0.0225838355890309
"2023-01-09",0.0576545792780025,-0.000767927325990578
"2023-01-10",-0.00771102796373991,0.00695399797059373
"2023-01-11",0.0361092045256131,0.0127675711922937
"2023-01-12",0.00275546279838757,0.00341008491204273
"2023-01-13",-0.00943246574695197,0.00398889214465605
"2023-01-17",0.0716364623305578,-0.00203255543099631
"2023-01-18",-0.0208253322440574,-0.0156849669777447
"2023-01-19",-0.0125807529968813,-0.00766767190181243
"2023-01-20",0.0479772739232043,0.018741673552352
"2023-01-23",0.0745736461200801,0.0118113159513286
"2023-01-24",0.000973434856073682,-0.000711756364291819
"2023-01-25",0.00374579586833971,-0.000181741573465663
"2023-01-26",0.104065009261506,0.0109477080291143
"2023-01-27",0.104361640699721,0.00249173402170386
"2023-01-30",-0.0652657294355051,-0.0130535693152927
"2023-01-31",0.0386066390224287,0.0145363044164195
"2023-02-01",0.0461972131901278,0.0103980562968847
"2023-02-02",0.0371174422897327,0.0145923846268544
"2023-02-03",0.0090416555431475,-0.0104085926372855
"2023-02-06",0.0248492221366817,-0.00615939319393926
"2023-02-07",0.0104707808207425,0.0127903640373971
"2023-02-08",0.0225078370282819,-0.0111425730124114
"2023-02-09",0.0295169076908524,-0.00886900983103739
"2023-02-10",-0.0516183345958121,0.00219285570921713
"2023-02-13",-0.0114934987143089,0.0113835699511551
"2023-02-14",0.0723780140301146,-0.000280453855493762
"2023-02-15",0.023567198213513,0.00276933753307669
"2023-02-16",-0.0586312432136324,-0.0138846892048816
"2023-02-17",0.0305616787062955,-0.00277124217228273
"2023-02-21",-0.0539472280491302,-0.0202447839734717
"2023-02-22",0.017528035977254,-0.00157479548564338
"2023-02-23",0.00600605726746794,0.00531527826323773
"2023-02-24",-0.0260197773875949,-0.0105934646197742
"2023-02-27",0.0531632421550169,0.00306829253955228
"2023-02-28",-0.00929023043685788,-0.00304061983094771
"2023-03-01",-0.0143950897510658,-0.00473646420349283
"2023-03-02",-0.060322654091468,0.00755359373119597
"2023-03-03",0.0354561290895128,0.0160187491764831
"2023-03-06",-0.020327542733145,0.000686930778848301
"2023-03-07",-0.0319800306701372,-0.0154455904792625
"2023-03-08",-0.0308915673688182,0.00141379413560327
"2023-03-09",-0.0511776378663922,-0.0186318579454824
"2023-03-10",0.00300268311725171,-0.0145839694360666
"2023-03-13",0.00597836507889503,-0.00151090184073877
"2023-03-14",0.0490957821558139,0.0163423882353637
"2023-03-15",-0.0154521653854966,-0.0070053639293536
"2023-03-16",0.0201883422205499,0.0174095762490317
"2023-03-17",-0.0219632168547917,-0.0110806212739537
"2023-03-20",0.0171725012241354,0.00887886963594085
"2023-03-21",0.0752922341169761,0.0128986475185591
"2023-03-22",-0.0330851466718186,-0.0166002486398429
"2023-03-23",0.00558212753377207,0.00298008386918242
"2023-03-24",-0.0094608945264445,0.00562396308430321
"2023-03-27",0.00732562478609746,0.00164559956376708
"2023-03-28",-0.0137534720024949,-0.00157508328838789
"2023-03-29",0.0244876221590413,0.0141368707750468
"2023-03-30",0.00719498367177465,0.00569899919948265
"2023-03-31",0.060504162532242,0.0143333277820366
"2023-04-03",-0.063119185188169,0.00369202256580282
"2023-04-04",-0.0113077358575786,-0.00581383974516253
"2023-04-05",-0.0373489453432315,-0.00249548165712142
"2023-04-06",-0.00248263234855522,0.00357277313280325
"2023-04-10",-0.00297645084621497,0.000995807017010084
"2023-04-11",0.0122813224456565,-4.13533329835208e-05
"2023-04-12",-0.0340326325455046,-0.00414345632346139
"2023-04-13",0.0292565392128369,0.0131755104978315
"2023-04-14",-0.00485303681682109,-0.00207151758457799
"2023-04-17",0.010966636750078,0.00330070358261475
"2023-04-18",-0.0147033525110667,0.000854854803465975
"2023-04-19",-0.0203898611316677,-8.42655479396283e-05
"2023-04-20",-0.102540365251667,-0.00597033518831113
"2023-04-21",0.0127413330423028,0.000902781257300886
"2023-04-24",-0.0154445504521187,0.000851216778272313
"2023-04-25",-0.0116331048653114,-0.0159371838185765
"2023-04-26",-0.0440246539722469,-0.00384858350334488
"2023-04-27",0.0410327192674556,0.0193771934026964
"2023-04-28",0.0253942466511196,0.00821933131324347
"2023-05-01",-0.0152084597617282,-0.000386181048510787
"2023-05-02",-0.00943698737117436,-0.0116539066805718
"2023-05-03",0.00186964440271509,-0.00702290805489297
"2023-05-04",0.00366674126601278,-0.00724491345506274
"2023-05-05",0.0535054904604723,0.0183061663818798
"2023-05-08",0.0101214599550257,0.000452026484882066
"2023-05-09",-0.0154869024132592,-0.00458993894905959
"2023-05-10",-0.00361278863451258,0.00447394224191443
"2023-05-11",0.0207864250914383,-0.00169806488970676
"2023-05-12",-0.0241145963370544,-0.00158456158943905
"2023-05-15",-0.00975086010784638,0.00295379768031693
"2023-05-16",0.00102140882882704,-0.00639810768191746
"2023-05-17",0.0431349331773919,0.0118206886220716
"2023-05-18",0.0172776858434474,0.00940072306372716
"2023-05-19",0.0182062559624322,-0.00144691388067544
"2023-05-22",0.0473245988875953,0.000155022679802391
"2023-05-23",-0.0165495494530135,-0.0112854687682843
"2023-05-24",-0.0155698503759322,-0.00734551267830521
"2023-05-25",0.00854733322480143,0.00871945607901188
"2023-05-26",0.0460837654883801,0.0129646809316408
"2023-05-30",0.0405300087695008,1.66031306657684e-05
"2023-05-31",0.0136761322801761,-0.0061273581862141
"2023-06-01",0.0174509793674242,0.00980621508585381
"2023-06-02",0.0306080828275572,0.0144298123901074
"2023-06-05",0.0168686486291174,-0.00200559149065771
"2023-06-06",0.0168599499197107,0.00235113023385058
"2023-06-07",0.014623072672155,-0.00381929392642062
"2023-06-08",0.0448020993308613,0.00616957160752325
"2023-06-09",0.0398166077882477,0.00114740102305052
"2023-06-12",0.0219744915626132,0.00927797498175416
"2023-06-13",0.0349270163418856,0.0069085707259089
"2023-06-14",-0.00744904670493315,0.000819089980126584
"2023-06-15",-0.00347194420896925,0.01210458049359
"2023-06-16",0.0179697137518167,-0.00367837646775109
"2023-06-20",0.0520127064076732,-0.00474635383523605
"2023-06-21",-0.0561666242646767,-0.0052590863669252
"2023-06-22",0.0196544732936809,0.00370393038733453
"2023-06-23",-0.0307385125354173,-0.00768828805650216
"2023-06-26",-0.0625140824557449,-0.00449693436313217
"2023-06-27",0.0372961985807187,0.0113907335241808
"2023-06-28",0.0238138750970398,-0.000354139388389822
"2023-06-29",0.00490525291413221,0.00446356811449
"2023-06-30",0.016446493545469,0.0121943502618858
"2023-07-03",0.0666803518306305,0.00116999309267364
"2023-07-05",0.00946122503265061,-0.00197025809761272
"2023-07-06",-0.0212522836526628,-0.00795406117589476
"2023-07-07",-0.00765931422695374,-0.00286921279573348
"2023-07-10",-0.0177197766264856,0.00240213861062631
"2023-07-11",0.000667494260587591,0.00671958399825487
"2023-07-12",0.0081213547428967,0.00738390523538968
"2023-07-13",0.0214960497755424,0.00843448298962711
"2023-07-14",0.0124447715166919,-0.00102493219690748
"2023-07-17",0.0314843405686351,0.00384796957442041
"2023-07-18",0.0101419064636368,0.00709206694142834
"2023-07-19",-0.00711596075110357,0.00235513482723364
"2023-07-20",-0.102442664063601,-0.00677982739625769
"2023-07-21",-0.0110151996375604,0.000324042014613091
"2023-07-24",0.0341758851013974,0.00402603849687485
"2023-07-25",-0.0141485266381957,0.0028107195758387
"2023-07-26",-0.00351186157513907,-0.000155450978675919
"2023-07-27",-0.0332299896519355,-0.00644539305519708
"2023-07-28",0.04110507058975,0.00982937581043385
"2023-07-31",0.00370873575283333,0.00146763543656879
"2023-08-01",-0.0240692238088331,-0.00266864530768271
"2023-08-02",-0.027021352113566,-0.0139362006383362
"2023-08-03",0.0202956020122605,-0.00255122545029153
"2023-08-04",-0.0212799121864202,-0.00531416937393797
"2023-08-07",-0.00953878588298029,0.00898361896485657
"2023-08-08",-0.00698396541730477,-0.00422720510005887
"2023-08-09",-0.0305376329084553,-0.00706361910204512
"2023-08-10",0.0129224365223603,0.000250682521080863
"2023-08-11",-0.011024937980288,-0.00107026489922949
"2023-08-14",-0.0119816506003344,0.00573400487941905
"2023-08-15",-0.0287716062691638,-0.0116181393960965
"2023-08-16",-0.032103247149655,-0.00758408179262453
"2023-08-17",-0.0286877493225237,-0.00774281137752908
"2023-08-18",-0.0171612671096473,-0.000148717883957203
"2023-08-21",0.070714562183736,0.00685563485979979
"2023-08-22",0.00822448994977978,-0.00278133104654568
"2023-08-23",0.0156156694903554,0.0109843307107914
"2023-08-24",-0.0292160742102924,-0.013549353984008
"2023-08-25",0.0364934046282874,0.00669550106029516
"2023-08-28",0.00096357848541309,0.00624507859419646
"2023-08-29",0.0740660395897309,0.0144040687120565
"2023-08-30",-0.00108932000582806,0.00382585418119294
"2023-08-31",0.0045826819900433,-0.00159821297433986
"2023-09-01",-0.0519705587294174,0.00179751276551854
"2023-09-05",0.0457906358038325,-0.00420299782138121
"2023-09-06",-0.0179780698975918,-0.00699601449143226
"2023-09-07",-0.00170832036402114,-0.00321643311573297
"2023-09-08",-0.0119604036236672,0.00142560606225706
"2023-09-11",0.0961511890430494,0.00670095149813552
"2023-09-12",-0.0225491963204994,-0.005712169023004
"2023-09-13",0.0141803364110654,0.0012408621175346
"2023-09-14",0.0173206390374773,0.00839458553366625
"2023-09-15",-0.00599530828333908,-0.0122341458424939
"2023-09-18",-0.0337646380790718,0.000721027694175519
"2023-09-19",0.00458837626053391,-0.00215332736153313
"2023-09-20",-0.0147803771395543,-0.00943920420629104
"2023-09-21",-0.0265889961041192,-0.0165369183184881
"2023-09-22",-0.0432365557854555,-0.00229823740276075
"2023-09-25",0.00857955764210491,0.00401499420380662
"2023-09-26",-0.0116879845442709,-0.0148441654822649
"2023-09-27",-0.0149397981287884,0.000229287772294792
"2023-09-28",0.0241549898062297,0.0058758771430007
"2023-09-29",0.0154654564157277,-0.00271325964828932
"2023-10-02",0.00550001331731805,7.93644061529932e-05
"2023-10-03",-0.0203568641052442,-0.0138393958634492
"2023-10-04",0.0576495753610598,0.00807704760782895
"2023-10-05",-0.00425938706291952,-0.00130488114699512
"2023-10-06",0.00184413974699991,0.0117456420939611
"2023-10-09",-0.00330636722350305,0.00628406811938741
"2023-10-10",0.0150970079606727,0.00519447609998535
"2023-10-11",-0.00239268225403268,0.00428381950009507
"2023-10-12",-0.0157899851818239,-0.00626602494065492
"2023-10-13",-0.0303950932367427,-0.00503149566021989
"2023-10-16",0.0110883564773933,0.01053864230259
"2023-10-17",0.00365591116854286,-9.82498794437651e-05
"2023-10-18",-0.0489314878419589,-0.0134904082511519
"2023-10-19",-0.0976162487265834,-0.00851903232805798
"2023-10-20",-0.037588294506417,-0.0126651491961559
"2023-10-23",0.000424440954028001,-0.00168699206543492
"2023-10-24",0.0207193710466224,0.00723952351962882
"2023-10-25",-0.0191175033877643,-0.0144434346572381
"2023-10-26",-0.0318550239211144,-0.0119030812055849
"2023-10-27",0.00745661981088374,-0.00481183857862075
"2023-10-30",-0.0491375588495086,0.0119384743002859
"2023-10-31",0.0174790776188593,0.00645408482168824
"2023-11-01",0.0237157846751236,0.0104511949901919
"2023-11-02",0.0606074173319227,0.0186829389340865
"2023-11-03",0.00661398722315464,0.00934988354455146
"2023-11-06",-0.00314187551739995,0.00175145772410059
"2023-11-07",0.0131839645429866,0.00283609340171195
"2023-11-08",-0.000315073789940753,0.00100441103241989
"2023-11-09",-0.0561604896585821,-0.00811669069906871
"2023-11-10",0.0219964984960303,0.0154957592707723
"2023-11-13",0.0413418339994528,-0.000836188441370085
"2023-11-14",0.0594380194775414,0.0188953704745773
"2023-11-15",0.0226141554690651,0.00159573820784718
"2023-11-16",-0.0388353490408081,0.00118971939671373
"2023-11-17",0.00303493239766461,0.00128122793717799
"2023-11-20",0.00553311914494325,0.00736310379379563
"2023-11-21",0.0234909745169401,-0.00202297593175797
"2023-11-22",-0.0294082747343117,0.00405290509431332
"2023-11-24",0.00528038626185671,0.000596695609645032
"2023-11-27",0.00267217466258132,-0.00195606931689836
"2023-11-28",0.0440833569319302,0.000979638528050292
"2023-11-29",-0.0105122665810441,-0.000946696615101938
"2023-11-30",-0.0167696199826833,0.00377693126499461
"2023-12-01",-0.0052201993235974,0.00585655895384664
"2023-12-04",-0.0137014431321893,-0.00542318806382694
"2023-12-05",0.013240755825754,-0.000569031593934803
"2023-12-06",0.0027191294607694,-0.00391385194494375
"2023-12-07",0.0135684092751636,0.00793661068482192
"2023-12-08",0.00493339661492396,0.00408713414650379
"2023-12-11",-0.0169572317878287,0.00391681354778149
"2023-12-12",-0.0114527145310768,0.0045888127956924
"2023-12-13",0.00957386627289163,0.0135583451750198
"2023-12-14",0.0479759572029163,0.00264356518515443
"2023-12-15",0.00971168839454719,-7.62524004485948e-05
"2023-12-18",-0.00561731831843468,0.00451812226340052
"2023-12-19",0.0201852498708925,0.0058492674508189
"2023-12-20",-0.0399767793773106,-0.0147931479653056
"2023-12-21",0.0293458607841922,0.0102487693072719
"2023-12-22",-0.00773121056540495,0.00165868215276108
"2023-12-26",0.0159877400739091,0.00422276104697856
"2023-12-27",0.0186474555108606,0.001429435616423
"2023-12-28",-0.0321041517301598,0.000370106110327118
"2023-12-29",-0.0187383270737912,-0.00283047703673384
"2024-01-02",-0.000241487460745775,-0.00567666079972316
"2024-01-03",-0.0409612227993255,-0.00804861832719765
"2024-01-04",-0.00218314996566471,-0.00343427166331743
"2024-01-05",-0.00185094152508331,0.00182402163943398
"2024-01-08",0.0123866145766393,0.0140159454363531
"2024-01-09",-0.0230968395669356,-0.00147899385231758
"2024-01-10",-0.00435063280627871,0.00564998065049591
"2024-01-11",-0.0291459661444983,-0.000671280836961165
"2024-01-12",-0.0373493987774294,0.000750693753033959
"2024-01-16",0.0046490706588513,-0.00373831905235683
"2024-01-17",-0.0200254730443728,-0.00563273127110782
"2024-01-18",-0.0171728156296432,0.00876672072624315
"2024-01-19",0.00146201150025903,0.0122383082325485
"2024-01-22",-0.0161052405975817,0.00219192118723169
"2024-01-23",0.00162701062787324,0.00291711534076449
"2024-01-24",-0.00628343461072519,0.000811598976216865
"2024-01-25",-0.129258171701288,0.00524657813497798
"2024-01-26",0.00338906582671879,-0.000651997755426365
"2024-01-29",0.0410554895978576,0.0075283655052462
"2024-01-30",0.00345082262897913,-0.000600830396978616
"2024-01-31",-0.0226994710992765,-0.0162368517407337
"2024-02-01",0.00834782117236948,0.0124162861140498
"2024-02-02",-0.00504285877699456,0.0106277707226331
"2024-02-05",-0.0371346897263641,-0.00319142470928397
"2024-02-06",0.022067797990272,0.00230774593174811
"2024-02-07",0.0133091782886487,0.00820768259400863
"2024-02-08",0.0105001533778025,0.000570420540090595
"2024-02-09",0.0209336577749702,0.00572591712879552
"2024-02-12",-0.0285060028175268,-0.000949404142652442
"2024-02-13",-0.0220887686059109,-0.0137686094198454
"2024-02-14",0.0251670101471129,0.00953416830421681
"2024-02-15",0.0603533431452813,0.00580437267404004
"2024-02-16",-0.00249750383375942,-0.00481504357596104
"2024-02-20",-0.0314470685757921,-0.00602342646581725
"2024-02-21",0.00519914572330688,0.0012634014951036
"2024-02-22",0.0134634056506183,0.0209028886664034
"2024-02-23",-0.0279436866500549,0.000347887026502183
"2024-02-26",0.0379737107400303,-0.00379393924466848
"2024-02-27",0.00165360616756625,0.00170489553872096
"2024-02-28",0.0114992312835679,-0.00165953132111224
"2024-02-29",-0.000792178710696524,0.00521547045579996
"2024-03-01",0.00375751702265147,0.00797593643338798
"2024-03-04",-0.07424463938175,-0.00119397457496301
"2024-03-05",-0.0401267984332304,-0.010245406275918
"2024-03-06",-0.0235121233046426,0.00512793285300164
"2024-03-07",0.011881108742966,0.0102514022849836
"2024-03-08",-0.018701625030085,-0.00654992299205034
"2024-03-11",0.01376367869356,-0.0011228682680281
"2024-03-12",-0.00129470614414736,0.011139512586668
"2024-03-13",-0.0464609972749663,-0.00192638400212197
"2024-03-14",-0.0420568987793322,-0.00287522105149519
"2024-03-15",0.00656307627791534,-0.00650402285973767
"2024-03-18",0.0606641523426047,0.00629818423848046
"2024-03-19",-0.0143720348914576,0.00563325304434312
"2024-03-20",0.02501713383783,0.00886476551636018
"2024-03-21",-0.0162996965428124,0.00323130909452889
"2024-03-22",-0.0115817121163281,-0.00140317183432671
"2024-03-25",0.0104816834357561,-0.00305964038203193
"2024-03-26",0.0287772826285837,-0.00280372198280573
"2024-03-27",0.0120840836173639,0.00859359558270604
"2024-03-28",-0.0227219077399923,0.00111586270076161
"2024-04-01",-0.00324772841434953,-0.00201561452695772
"2024-04-02",-0.0502665193510526,-0.00726538820367243
"2024-04-03",0.0104475440544317,0.0010905275233379
"2024-04-04",0.0160832692026066,-0.0124110356192622
"2024-04-05",-0.0369674355587754,0.0110380501356996
"2024-04-08",0.0478367636270877,-0.000374701190041577
"2024-04-09",0.0222956079752131,0.00144444947363452
"2024-04-10",-0.029373442565518,-0.00950198183221259
"2024-04-11",0.0163995567737362,0.00741722198334244
"2024-04-12",-0.0205417490977017,-0.0146575878022485
"2024-04-15",-0.057574659738337,-0.0120941957874592
"2024-04-16",-0.027435068682223,-0.002058624527504
"2024-04-17",-0.0106220839713756,-0.00579737507600419
"2024-04-18",-0.0361556472171095,-0.0022106017004853
"2024-04-19",-0.0193957839026863,-0.00879712965405697
"2024-04-22",-0.0345935559693179,0.00869335115683908
"2024-04-23",0.0183452266764372,0.0118935665677221
"2024-04-24",0.113874156218306,0.000212987377932901
"2024-04-25",0.0484581447047128,-0.00458693427011941
"2024-04-26",-0.0111680155529887,0.0101573813323253
"2024-04-29",0.142427231711221,0.00317340807663939
"2024-04-30",-0.0571008420566504,-0.0158555511189281
"2024-05-01",-0.0181137071742608,-0.00344135348563169
"2024-05-02",0.000111050076069015,0.00908702472508486
"2024-05-03",0.00653384353557404,0.012478557659508
"2024-05-06",0.0195114379087509,0.0102731736912478
"2024-05-07",-0.0383421050936202,0.00134252822882561
"2024-05-08",-0.0175308511942696,-5.83563519342491e-06
"2024-05-09",-0.0158646494487078,0.00507803263910671
"2024-05-10",-0.0205623504505257,0.00164804008016673
"2024-05-13",0.0200970341453075,-0.000241333173865208
"2024-05-14",0.0323975427880178,0.00482614852745404
"2024-05-15",-0.0202544187069096,0.0116478277872996
"2024-05-16",0.00487339117927702,-0.00208383747408805
"2024-05-17",0.0148740201906965,0.00116409568789375
"2024-05-20",-0.0142450678702237,0.000915970308491166
"2024-05-21",0.064467119752233,0.00249874976689261
"2024-05-22",-0.0353995423845926,-0.00270979120935215
"2024-05-23",-0.0360078182888108,-0.00740816228347193
"2024-05-24",0.0311657601159919,0.00697664907667326
"2024-05-28",-0.0139894157882361,0.000248770906885915
"2024-05-29",-0.00317333271747696,-0.00739431721574254
"2024-05-30",0.0146489231528297,-0.00599295753575419
"2024-05-31",-0.00397899740259757,0.0079958242319289
"2024-06-03",-0.0101025695960065,0.00111546022353524
"2024-06-04",-0.00865947998896987,0.00150168100378275
"2024-06-05",0.0013151256990527,0.0117780158499573
"2024-06-06",0.0166604546134974,-0.000199836601636852
"2024-06-07",-0.00258852609921801,-0.00111584205027907
"2024-06-10",-0.0210102672932204,0.00257752997824097
"2024-06-11",-0.0181743405776243,0.00270671485520952
"2024-06-12",0.0381134774739324,0.00846772024188734
"2024-06-13",0.0287990105974465,0.00234191143711672
"2024-06-14",-0.0247460850077253,-0.000393938280997494
"2024-06-17",0.0516191095939389,0.00763516437232052
"2024-06-18",-0.0138600220862137,0.00251815418151712
"2024-06-20",-0.0179574905174882,-0.00252912739541154
"2024-06-21",0.007899471520701,-0.00156335171882525
"2024-06-24",-0.00235232297582591,-0.00306987915586644
"2024-06-25",0.0257901146521268,0.00392587367918134
"2024-06-26",0.047022052078928,0.00157119622472045
"2024-06-27",0.00533281981805244,0.000906909856799073
"2024-06-28",0.00232738132030963,-0.0040920134623696
"2024-07-01",0.0587798336030082,0.00267199098142952
"2024-07-02",0.0971019503094799,0.00617620577118505
"2024-07-03",0.0633730489954144,0.00507156226953366
"2024-07-05",0.0206068822843731,0.00543397436096954
"2024-07-08",0.00562978987653942,0.00101618247640443
"2024-07-09",0.0364508858978897,0.000740797478065475
"2024-07-10",0.00353897209040705,0.0101563148781059
"2024-07-11",-0.0882207720854726,-0.00880164996926672
"2024-07-12",0.0294343165137262,0.00550186402496512
"2024-07-15",0.0176098295709409,0.00282221642335268
"2024-07-16",0.0153969977775347,0.00636904997145327
"2024-07-17",-0.031919700332289,-0.0140254415236455
"2024-07-18",0.00293330222099555,-0.00784711214535007
"2024-07-19",-0.0410761384393873,-0.00716587922640608
"2024-07-22",0.0501827190217105,0.0107342172462203
"2024-07-23",-0.0206076489879566,-0.00155931769394619
"2024-07-24",-0.131642943603391,-0.0234212422228929
"2024-07-25",0.0195311290676345,-0.00515588901971726
"2024-07-26",-0.00204520896251951,0.0110294204095709
"2024-07-29",0.0544502837235437,0.000812979571828452
"2024-07-30",-0.0417020794456291,-0.00497251436136762
"2024-07-31",0.0415728217233687,0.0156699807019178
"2024-08-01",-0.0677870949965209,-0.0137881237919902
"2024-08-02",-0.0433017143207803,-0.0185529066085533
"2024-08-05",-0.0432486202237994,-0.0304270413923931
"2024-08-06",0.00881060208858068,0.0103008494935995
"2024-08-07",-0.045267692922441,-0.00776471538876949
"2024-08-08",0.0362559013290126,0.0227811395908989
"2024-08-09",0.00581690373893266,0.0046607984343817
"2024-08-12",-0.0126293885852447,4.30330517200971e-05
"2024-08-13",0.0510324686785381,0.01670723341905
"2024-08-14",-0.0315267519071016,0.00381643656119841
"2024-08-15",0.0614363091456502,0.0160044899313041
"2024-08-16",0.00920378250292453,0.00198780236839615
"2024-08-19",0.0300815962441386,0.00967532743617778
"2024-08-20",-0.00730026715831473,-0.00198652723760971
"2024-08-21",0.00976670507756732,0.0042307147210068
"2024-08-22",-0.0581363437538178,-0.00897294225665722
"2024-08-23",0.0448355914315169,0.0114179374016644
"2024-08-26",-0.032803441227523,-0.00315871016960581
"2024-08-27",-0.0189390627092924,0.0015939251127232
"2024-08-28",-0.0166767247298986,-0.00599390079473521
"2024-08-29",0.00257262370787904,-3.93798434365862e-05
"2024-08-30",0.0372554412366722,0.0100424570791442
"2024-09-03",-0.0165292758203001,-0.0213779633723977
"2024-09-04",0.0409815136631413,-0.00160382902738096
"2024-09-05",0.0478760160358037,-0.0030225810146742
"2024-09-06",-0.0882404854458277,-0.0174109445074244
"2024-09-09",0.025949973905267,0.0115135344358183
"2024-09-10",0.0447592739559837,0.00446269997779354
"2024-09-11",0.00862874251262556,0.0106085556498433
"2024-09-12",0.00733720663680502,0.00746735215680267
"2024-09-13",0.00208648516072799,0.00539314223435604
"2024-09-16",-0.0153589759450266,0.00125584086731029
"2024-09-17",0.00479489031502208,0.000264515093896451
"2024-09-18",-0.00294459606098864,-0.00290065870831329
"2024-09-19",0.071009621758252,0.0168343568927251
"2024-09-20",-0.0235197526389041,-0.00194291363001573
"2024-09-23",0.048140375327935,0.00280533442571312
"2024-09-24",0.0169357935090532,0.00250803110334534
"2024-09-25",0.0107571487626625,-0.00186298320621213
"2024-09-26",-0.0109538214656805,0.00403054215819922
"2024-09-27",0.0242492270642341,-0.00125400290007212
"2024-09-30",0.00448204483753306,0.00422760365844151
"2024-10-01",-0.0138942518524258,-0.00936784869445445
"2024-10-02",-0.0355038270362573,0.000138381326986477
"2024-10-03",-0.0341480674544071,-0.00168282865445869
"2024-10-04",0.0383957097680833,0.00893025569918638
"2024-10-07",-0.0376895759996992,-0.00963226382938877
"2024-10-08",0.0151240109195838,0.00964270680469438
"2024-10-09",-0.0142109154030266,0.00708823101699458
"2024-10-10",-0.00950363013240715,-0.00207226850598248
"2024-10-11",-0.0919235388688891,0.00603360870729872
"2024-10-14",0.00622484886936366,0.00767811457459432
"2024-10-15",0.00186904825837882,-0.00763856603751342
"2024-10-16",0.00798368708856951,0.00466823278277977
"2024-10-17",-0.00198997144132763,-0.000171175128538166
"2024-10-18",-0.000860537850526897,0.00396368694277439
"2024-10-21",-0.00841770790912081,-0.00182443275641903
"2024-10-22",-0.00402914728519292,-0.000474966667195794
"2024-10-23",-0.0200183107185381,-0.00923382426767956
"2024-10-24",0.198186991469208,0.00214347313055683
"2024-10-25",0.0328913340561126,-0.000299492013186271
"2024-10-28",-0.0251282453023981,0.00264793462673294
"2024-10-29",-0.0114554851513462,0.00161282594490122
"2024-10-30",-0.00761989997893555,-0.00330569167248812
"2024-10-31",-0.0303530663959163,-0.0187901349287453
"2024-11-01",-0.00348820742514962,0.00408415800452546
"2024-11-04",-0.0249697796118889,-0.00281604481319029
"2024-11-05",0.0348016270171146,0.0121910310295631
"2024-11-06",0.137594660247377,0.0249812809571867
"2024-11-07",0.0286300124643954,0.00740375417399566
"2024-11-08",0.0786971755241787,0.00374979403571805
"2024-11-11",0.0858069040484991,0.000968594190956924
"2024-11-12",-0.0634267881512828,-0.0028968514769365
"2024-11-13",0.00531326694966951,0.000232200764140184
"2024-11-14",-0.0594481339319497,-0.006068108582244
"2024-11-15",0.0301969727904885,-0.0132914308667938
"2024-11-18",0.0546643504933254,0.00391015974620654
"2024-11-19",0.0212059524240137,0.00395575052059649
"2024-11-20",-0.0115403261129805,2.19506213354446e-05
"2024-11-21",-0.007012172684276,0.00532625184428849
"2024-11-22",0.0373345373484672,0.00346195959153647
"2024-11-25",-0.0404308885344935,0.00301592782012454
"2024-11-26",-0.00106375515384532,0.00570569715526387
"2024-11-27",-0.0159140208377277,-0.00380848108357771
"2024-11-29",0.0361959391671274,0.00559212039680162
"2024-12-02",0.033979752342478,0.00244546388058137
"2024-12-03",-0.0160057130527966,0.000451347242022181
"2024-12-04",0.0183552885534284,0.00603318162813612
"2024-12-05",0.0317862338994542,-0.00187152583938233
"2024-12-06",0.0520210895967398,0.00249234536753831
"2024-12-09",0.001463414895315,-0.00616316728522746
"2024-12-10",0.0283283105013585,-0.00296828431427925
"2024-12-11",0.0576113551148347,0.00813262641136824
"2024-12-12",-0.0158271671400691,-0.00542873146146325
"2024-12-13",0.0424489994174797,-2.6466989371874e-05
"2024-12-16",0.0596005735918024,0.00379215500878443
"2024-12-17",0.0357241381957723,-0.0038714794806555
"2024-12-18",-0.0864242152521074,-0.0299365053045182
"2024-12-19",-0.00903804251668977,-0.000865486750536793
"2024-12-20",-0.0352567708528249,0.0108104794023973
"2024-12-23",0.0224042635605356,0.00726084958561637
"2024-12-24",0.0709911663619198,0.0109822331651268
"2024-12-26",-0.0177872540494366,-0.000405741088257819
"2024-12-27",-0.0507452616025833,-0.0111173049649122
"2024-12-30",-0.0335692888508679,-0.0107596739417297
"2024-12-31",-0.0330502101191634,-0.00429400645898231
"2025-01-02",-0.062744035469187,-0.00222636314944899
"2025-01-03",0.0789550455668863,0.0125173567078261
"2025-01-06",0.00148507095867456,0.00552276649681817
"2025-01-07",-0.0414506713389448,-0.011166021516637
"2025-01-08",0.00146970024887386,0.00155914409383124
"2025-01-10",-0.000506565224302029,-0.0155316376502334
"2025-01-13",0.0214781953695608,0.00157420437805512
"2025-01-14",-0.0173826387228448,0.00114562333416427
"2025-01-15",0.077314232828384,0.0181471325045164
"2025-01-16",-0.0342059706913762,-0.00211492434086676
"2025-01-17",0.0301812525614342,0.00994147830839403
"2025-01-21",-0.00571381371547487,0.00873000944059605
"2025-01-22",-0.0213550431549431,0.00611918108699413
"2025-01-23",-0.00659824385918129,0.00529941945952937
"2025-01-24",-0.0141645876352743,-0.00285921598446776
"2025-01-27",-0.0234666508560074,-0.0146880590321123
"2025-01-28",0.00236407346396906,0.0091756441777168
"2025-01-29",-0.0228417054980751,-0.0046898760569196
"2025-01-30",0.0283279034958854,0.00526154815218024
"2025-01-31",0.0107346406463207,-0.00505960399026719
"2025-02-03",-0.0530900870691979,-0.0076376907294952
"2025-02-04",0.0219885360961525,0.00719890740302911
"2025-02-05",-0.0364535233701232,0.00390105391561361
"2025-02-06",-0.0102327993510927,0.00363767435526627
"2025-02-07",-0.0345171429042904,-0.0095098456936602
"2025-02-10",-0.0305771952093889,0.00669011229545517
"2025-02-11",-0.0654798900863472,0.000339525143673855
"2025-02-12",0.0240910574208875,-0.00272758318964758
"2025-02-13",0.0561342888353256,0.0103723132142357
"2025-02-14",-0.000281002850164934,-7.19463955744955e-05
"2025-02-18",-0.0048736233685303,0.00244200365555181
"2025-02-19",0.0180508136490587,0.00237414886682424
"2025-02-20",-0.0172321701024255,-0.00434360488429026
"2025-02-21",-0.047972233271977,-0.0172113966725391
"2025-02-24",-0.0217565451995107,-0.00498149356625235
"2025-02-25",-0.0876249417878773,-0.00469071513839556
"2025-02-26",-0.0404367775674993,0.000136015029583466
"2025-02-27",-0.0309059101337405,-0.0159917426785247
"2025-02-28",0.0383745912519719,0.0157297804206634
"2025-03-03",-0.0288440508452693,-0.0177534026483089
"2025-03-04",-0.0453111882369417,-0.0123102882315055
"2025-03-05",0.0256210166928659,0.0110974725287357
"2025-03-06",-0.0577065194202579,-0.0179796771074556
"2025-03-07",-0.00296510040583664,0.00550543504545447
"2025-03-10",-0.167545740677576,-0.0273435417884281
"2025-03-11",0.037245079838722,-0.00759664691853658
"2025-03-12",0.0731936870502371,0.00487496794049078
"2025-03-13",-0.0303233488753321,-0.0139883668064641
"2025-03-14",0.0379126776500699,0.0210429059531969
"2025-03-17",-0.0490682310549002,0.00639563497460604
"2025-03-18",-0.0548354456344352,-0.0107106670743197
"2025-03-19",0.0457611903680654,0.0107406081729538
"2025-03-20",0.0016944590202751,-0.00218728351378298
"2025-03-21",0.0513547158131408,0.000824313607832321
"2025-03-24",0.112735474810305,0.0174921171286392
"2025-03-25",0.0344234630779278,0.00157309549065382
"2025-03-26",-0.0574239027397378,-0.011219640357598
"2025-03-27",0.00392526896418763,-0.00331246100713211
"2025-03-28",-0.0357048332121832,-0.0199346011268535
"2025-03-31",-0.016797411271064,0.00552324035764572
"2025-04-01",0.0352562495176398,0.00377410455521207
"2025-04-02",0.0518966206094654,0.00670566142948411
"2025-04-03",-0.0563017223581819,-0.0496059118289966
"2025-04-04",-0.110035725515572,-0.0616090618982309
"2025-04-07",-0.0259787819023111,-0.00233419460596359
"2025-04-08",-0.0502357310019059,-0.0158250832770549
"2025-04-09",0.204490580001601,0.0908948798330365
"2025-04-10",-0.0755220285780395,-0.0352206070241117
"2025-04-11",-0.000356625945069932,0.0179303808357781
"2025-04-14",0.000158556432906716,0.00791331932634299
"2025-04-15",0.00695020956549634,-0.00172927522530091
"2025-04-16",-0.0506907429039967,-0.0226632539649025
"2025-04-17",-0.000745497985545101,0.00132595862377277
"2025-04-21",-0.059180767257928,-0.023849648334018
"2025-04-22",0.0449943820449309,0.0248069521254506
"2025-04-23",0.0522719471597518,0.0165238643668795
"2025-04-24",0.0343787075442639,0.0200566280825832
"2025-04-25",0.09351849398026,0.00734608479570051
"2025-04-28",0.00325839031150336,0.000640501539001933
"2025-04-29",0.0212843731051689,0.0057856415455564
"2025-04-30",-0.0343822336302482,0.00147889725193352
"2025-05-01",-0.00582931440207984,0.00627934571645197
"2025-05-02",0.0235686412533739,0.0146191911091127
"2025-05-05",-0.0244958471709827,-0.00640204702931845
"2025-05-06",-0.0176747407120664,-0.0077229852783918
"2025-05-07",0.00315461619421661,0.00433693810671013
"2025-05-08",0.0306597734374383,0.00578302114746564
"2025-05-09",0.0461081945700869,-0.000711734134876363
"2025-05-12",0.0652800311867968,0.0320399766770208
"2025-05-13",0.048104920516812,0.00722205902024598
"2025-05-14",0.0399319216619113,0.00102389124227605
"2025-05-15",-0.0140769459986128,0.00412381743875768
"2025-05-16",0.0206704919413735,0.00698084936810019
"2025-05-19",-0.0228021917526318,0.000875729566048274
"2025-05-20",0.00504443628355575,-0.00388777706957258
"2025-05-21",-0.0271227408784222,-0.0162667192677589
"2025-05-22",0.0190042524750321,-0.000444970022421169
"2025-05-23",-0.00499725368950285,-0.00673089959147314
"2025-05-27",0.0670972545819797,0.0202525808021844
"2025-05-28",-0.0166441850102725,-0.00558680257644473
"2025-05-29",0.00427774912601061,0.00400317087063174
"2025-05-30",-0.0339660153333742,-8.11884569952056e-05
"2025-06-02",-0.0109410916490715,0.00409365149062603
"2025-06-03",0.0045999457840196,0.00578353353536898
"2025-06-04",-0.0361406780981341,7.36847447191627e-05
"2025-06-05",-0.153849486063279,-0.00529135797869811
"2025-06-06",0.0360138325066553,0.0102281962153767
"2025-06-09",0.0445312158328134,0.000919525186391366
"2025-06-10",0.0551923201543843,0.00546801254164684
"2025-06-11",0.00104210253903057,-0.00274766031828735
"2025-06-12",-0.0226796831660523,0.00381513307167639
"2025-06-13",0.0192427413289059,-0.0113606685901029
"2025-06-16",0.011674257976472,0.0093488231481891
"2025-06-17",-0.0396036094465759,-0.00838725972364313
"2025-06-18",0.0178575602023032,-0.000309288034720588
"2025-06-20",0.000341552821810887,-0.00218103521558776
"2025-06-23",0.0791062472272541,0.00956065507125944
"2025-06-24",-0.0238275555713104,0.0110603286169586
"2025-06-25",-0.0386863416563078,-3.28610834966533e-06
"2025-06-26",-0.00541837472775427,0.0079881310325168
"2025-06-27",-0.00662140016176413,0.0052053992561501
"2025-06-30",-0.018619263085276,0.00515113750612888
"2025-07-01",-0.0548353231730864,-0.00111915710987914
"2025-07-02",0.0484876687149792,0.00473387430649077
"2025-07-03",-0.000950833012899889,0.00830437821066394
"2025-07-07",-0.0703074792800585,-0.00789336810424402
"2025-07-08",0.0130800178875384,-0.000716143250469575
"2025-07-09",-0.00650170784952965,0.00604380277677969
"2025-07-10",0.0461988557066904,0.00274244107292579
"2025-07-11",0.0116784497111715,-0.00330297177322584
"2025-07-14",0.0107549587965997,0.00140642433093679
"2025-07-15",-0.0195009850060875,-0.00396414506567256
"2025-07-16",0.0344409546245838,0.00318856852538442
"2025-07-17",-0.00705066159544765,0.00535938024001101
"2025-07-18",0.0315559115843142,-9.04903028084167e-05
"2025-07-21",-0.00352510071199272,0.00139815700567326
"2025-07-22",0.0109598289022233,0.000637328496666757
"2025-07-23",0.00135409236873178,0.00778153214570287
"2025-07-24",-0.0855254278460252,0.000697979996933251
"2025-07-25",0.0346372014993488,0.00396645100168055
"2025-07-28",0.0297068486219679,0.000176842471266576
"2025-07-29",-0.0135748898013613,-0.00296383019746683
"2025-07-30",-0.00674750652035808,-0.00125021393850947
"2025-07-31",-0.0343405268550285,-0.00370166204637457
"2025-08-01",-0.0184650333470395,-0.0161213871855698
"2025-08-04",0.0216714252700427,0.0146295644914145
"2025-08-05",-0.00174765744123648,-0.00486970378046202
"2025-08-06",0.0356049964994431,0.00725552221985261
"2025-08-07",0.00734995173530397,-0.000797798171827867
"2025-08-08",0.0226417976259803,0.00776945481638947
"2025-08-11",0.0280571283954243,-0.00250726839388511
"2025-08-12",0.00532455277579654,0.0112815590751708
"2025-08-13",-0.00429271028326101,0.0032248733840464
"2025-08-14",-0.0112600998840904,0.000303044878554452
"2025-08-15",-0.0150721595024326,-0.00290133991636471
"2025-08-18",0.0138198621259307,-0.000100768257735796
"2025-08-19",-0.0176084917179042,-0.00587532911220713
"2025-08-20",-0.0165647416201764,-0.00243463063226496
"2025-08-21",-0.0117701663688171,-0.00401221972895112
"2025-08-22",0.0603104166993377,0.0150722851587791
"2025-08-25",0.0191963372272104,-0.00427551253964632
"2025-08-26",0.0145218791617017,0.00412547371011636
"2025-08-27",-0.00590361281293993,0.00238813045330303
"2025-08-28",-0.0104086595668892,0.00315174744146675
"2025-08-29",-0.0356293206445078,-0.00641874040279255
"2025-09-02",-0.0136003480423636,-0.00694635006103036
"2025-09-03",0.014259073808795,0.00508711230294131
"2025-09-04",0.0132023043168419,0.00831184710287357
"2025-09-05",0.0357175575332374,-0.00317017266993674
"2025-09-08",-0.0127361095766315,0.00210376445088857
"2025-09-09",0.00164416532771908,0.00268454703007344
"2025-09-10",0.00236054952346882,0.00297902822939813
"2025-09-11",0.0586827257429922,0.00845008762309356
"2025-09-12",0.0709810911268756,-0.000482877881428329
"2025-09-15",0.0349920459649535,0.00469557772655972
"2025-09-16",0.0278496860966468,-0.00128876043333132
"2025-09-17",0.010006196509857,-0.000970639078244386
"2025-09-18",-0.0213841598623268,0.00477768783670826
"2025-09-19",0.0218772097108273,0.00487352393748118
"2025-09-22",0.0189245991516568,0.00440035071476229
"2025-09-23",-0.0194410824414634,-0.00551735182873972
"2025-09-24",0.039008450398573,-0.00285067716529537
"2025-09-25",-0.0448018616262092,-0.00502164874252633
"2025-09-26",0.0393896162974957,0.00588448913041351
"2025-09-29",0.00636028808630364,0.00263207725991262
"2025-09-30",0.00340119431429303,0.00408250361350792
"2025-10-01",0.0326069948761812,0.00339415417122351
"2025-10-02",-0.0524096249172411,0.000618163621384245
"2025-10-03",-0.0142524929092312,6.55106568658717e-05
"2025-10-06",0.0530540991951574,0.00363995928276263
"2025-10-07",-0.0454982994925196,-0.00381868770685308
"2025-10-08",0.0128474687146762,0.00581074849418732
"2025-10-09",-0.00720635871316926,-0.00275937398027898
"2025-10-10",-0.0519533533870513,-0.0274859754398998
"2025-10-13",0.0527795384853496,0.015478263036934
"2025-10-14",-0.0153966649342867,-0.00156555149694257
"2025-10-15",0.0136746049013291,0.00401791850342798
"2025-10-16",-0.0148167867291392,-0.00631428027514198
"2025-10-17",0.0243313101725007,0.0052568739445263
"2025-10-20",0.0183147758761234,0.0106157241361441
"2025-10-21",-0.0108536431216853,3.2695916416988e-05
"2025-10-22",-0.00823536501601069,-0.00535183477474303
"2025-10-23",0.022547291398771,0.00581047986201339
"2025-10-24",-0.0345792003713717,0.00787136197524486
"2025-10-27",0.0422118141910105,0.0122151413273794
"2025-10-28",0.0178104193194235,0.00228533050222993
"2025-10-29",0.00208234241176951,-4.35792047331754e-05
"2025-10-30",-0.0475017556551603,-0.00995419142453451
"2025-10-31",0.0367181331955384,0.00261450091788327
"2025-11-03",0.0255384505438624,0.00171923399691815
"2025-11-04",-0.052848572813666,-0.0118062503923267
"2025-11-05",0.0393064119956234,0.00364689767568772
"2025-11-06",-0.0355992644592151,-0.0112411345147227
"2025-11-07",-0.0374488656115021,0.00126104634749311
"2025-11-10",0.0359227467152993,0.0152836267035018
"2025-11-11",-0.0126803209584264,0.00207319995239232
"2025-11-12",-0.0207311071883273,0.000629319125944597
"2025-11-13",-0.0687524107101837,-0.0166954516309278
"2025-11-14",0.00585366624194287,-0.000501851471271773
"2025-11-17",0.011238716089416,-0.00920449789430516
"2025-11-18",-0.0189348962816565,-0.00829070984416932
"2025-11-19",0.00680542656239166,0.00374680773726533
"2025-11-20",-0.0219221992855165,-0.0156897261163152
"2025-11-21",-0.0105301985585833,0.00977510304159207
"2025-11-24",0.0660172720981127,0.0153488188990818
"2025-11-25",0.00387012865421935,0.00902088600083294
"2025-11-26",0.0169747872203799,0.00688296943614969
"2025-11-28",0.00838061947477603,0.00534048734113737
"2025-12-01",-6.97394621241348e-05,-0.00533754874605597
"2025-12-02",-0.00209459083992171,0.00245422119593662
"2025-12-03",0.0399605677377004,0.00297536052108529
"2025-12-04",0.0172871673085556,0.0010797387119744
"2025-12-05",0.00103350359673487,0.00193476888467948
"2025-12-08",-0.0344777239085596,-0.00348331533164769
"2025-12-09",0.0126365668069144,-0.000876743161013239
"2025-12-10",0.014008389943791,0.00672688065913998
"2025-12-11",-0.0101521396959784,0.00207719198371703
"2025-12-12",0.0266505295784876,-0.0107209134585545
"2025-12-15",0.0350041759301565,-0.00159783889183671
"2025-12-16",0.0301932555146892,-0.00238676400843967
"2025-12-17",-0.0472746042948733,-0.0116598566113713
"2025-12-18",0.0338965270109126,0.00790295152047916
"2025-12-19",-0.00449938636807136,0.00877940742182887
"2025-12-22",0.0155272027571092,0.00641587057556194
"2025-12-23",-0.00650735322394692,0.00454006704678821
"2025-12-24",-0.000329578283277973,0.00321630434470071
"2025-12-26",-0.0212585515245875,-0.000304409877108288
"2025-12-29",-0.0332711229349126,-0.00349816292393731
"2025-12-30",-0.0113997360217747,-0.00137661425065345
"2025-12-31",-0.0104187006411069,-0.00738486743424881
